{"cameraMode":{"drawMode":0,"name":"Shaded","section":"Shading Mode"},"sceneLighting":true,"audioPlay":false,"sceneViewState":{"m_AlwaysRefresh":false,"showFog":true,"showSkybox":true,"showFlares":true,"showImageEffects":true,"showParticleSystems":true,"showVisualEffectGraphs":true,"m_FxEnabled":true},"in2DMode":false,"pivot":{"x":-35.71651077270508,"y":-244.26263427734376,"z":144.78138732910157},"rotation":{"x":0.47497260570526125,"y":-0.12388002872467041,"z":0.06787961721420288,"w":0.8686479926109314},"size":148.52622985839845,"orthographic":false}